{"accuracy": [0.3666088581085205, 0.46747615933418274, 0.5062445998191833, 0.5450130105018616, 0.5799652934074402, 0.6132263541221619, 0.6469210982322693, 0.6867736577987671, 0.7223764061927795, 0.7601040601730347, 0.7943625450134277], "loss": [1.6228238344192505, 1.4007138013839722, 1.2959988117218018, 1.2102668285369873, 1.1237820386886597, 1.0400234460830688, 0.9553894996643066, 0.8616694808006287, 0.7703981399536133, 0.673572301864624, 0.5774544477462769], "val_accuracy": [0.4297865033149719, 0.4542614221572876, 0.47595903277397156, 0.4964416027069092, 0.4863739013671875, 0.5179656147956848, 0.5132789611816406, 0.524040937423706, 0.514320433139801, 0.5078979134559631, 0.5233466625213623], "val_loss": [1.5122735500335693, 1.4049506187438965, 1.3645998239517212, 1.31281578540802, 1.3368514776229858, 1.311966061592102, 1.330621361732483, 1.345917820930481, 1.422561526298523, 1.5086044073104858, 1.5724291801452637]}